Julian Date,Target Intensity,Target Intensity Uncertainty,Target magnitude,target magnitude uncertainty,Reference Intensity,Reference Intensity Uncertainty,Reference magnitude,Reference magnitude uncertainty,Check1 Intensity,Check1 Intensity Uncertainty,Check1 magnitude,Check1 magnitude uncertainty,Check2 Intensity,Check2 Intensity Uncertainty,Check2 magnitude,Check2 magnitude uncertainty,Relative Target Mag,Relative Check1 Mag,Relative Check2 Mag,,rel V mag,B-V,ref mag real,real target mag B,real ch1 mag,real ch2 mag,real targ mag V,B-v real,B-Verror,SNR(Target),SNR(ref),Error on flux(target),error on flux(ref),error on ref (SIMBAD),Error on target mag B,,error on target mag V
2459632.428,170379,456.857,-13.0785,0.0029,31243.6,254.323,-11.2369,0.0088,24845.3,251.41,-10.9881,0.011,2696.16,202.573,-8.5769,0.0816,-1.8416,0.2488,2.66,,-1.4949,-0.3467,11.83,9.98836251,12.07879206,14.49003852,9.415087682,0.573274828,0.148052475,372.9372648,122.8500765,0.002912018,0.008840043,0.13,0.130332752,,0.070234672
2459632.429,184947,472.579,-13.1676,0.0028,32690.3,257.227,-11.286,0.0085,26513.1,254.662,-11.0587,0.0104,2838.24,203.032,-8.6326,0.0777,-1.8816,0.2273,2.6534,,-1.5178,-0.3638,,9.948429038,12.05739599,14.48342447,9.392241412,0.556187625,0.148022789,391.356789,127.0873586,0.002774961,0.008545303,,0.130310102,,0.070214125
2459632.43,207392,490.743,-13.292,0.0026,35183.9,271.275,-11.3659,0.0084,28389.9,258.406,-11.1329,0.0099,3116.44,216.366,-8.7341,0.0754,-1.9261,0.233,2.6318,,-1.55,-0.3761,,9.903879945,12.06295029,14.46171302,9.359952959,0.543926986,0.147995159,422.6081676,129.6982767,0.002569756,0.00837328,,0.130294725,,0.070184413
2459632.431,222726,506.087,-13.3694,0.0025,36608.6,273.807,-11.409,0.0081,29545.5,260.505,-11.1762,0.0096,3674.88,205.028,-8.9131,0.0606,-1.9604,0.2328,2.4959,,-1.5913,-0.3691,,9.869530508,12.06272944,14.3258499,9.318697632,0.550832876,0.147970822,440.0942921,133.7022063,0.002467653,0.008122529,,0.130276877,,0.070166228
2459632.433,116555,393.567,-12.6663,0.0037,18691.1,228.315,-10.6791,0.0133,15327.2,220.738,-10.4637,0.0156,1513.08,186.794,-7.9497,0.134,-1.9872,0.2154,2.7294,,-1.6255,-0.3617,,9.842759881,12.04543009,14.55943243,9.284476703,0.558283177,0.148375437,296.1503378,81.86540525,0.003667056,0.013265677,,0.130726529,,0.070184364
2459632.434,237620,525.36,-13.4397,0.0024,35800.7,281.955,-11.3847,0.0086,28945.2,249.764,-11.1539,0.0094,3403.48,204.474,-8.8298,0.0652,-2.055,0.2308,2.5549,,-1.6575,-0.3975,,9.775021317,12.06078741,14.38492079,9.252481777,0.52253954,0.147999482,452.2993757,126.9730985,0.002401065,0.008552993,,0.13030318,,0.070177831
2459632.435,235848,523.672,-13.4316,0.0024,34988,270.831,-11.3598,0.0084,27941.7,247.708,-11.1156,0.0096,3227.88,216.39,-8.7723,0.0728,-2.0718,0.2442,2.5875,,-1.6972,-0.3746,,9.7582173,12.07416573,14.41750434,9.212824505,0.545392795,0.147996824,450.3735162,129.1875745,0.002411332,0.008406381,,0.130293829,,0.070189586
2459632.436,244766,537.041,-13.4719,0.0024,34448.2,269.833,-11.3429,0.0085,28319.4,268.172,-11.1302,0.0103,3148.04,203.794,-8.7451,0.0703,-2.129,0.2127,2.5978,,-1.7211,-0.4079,,9.701038608,12.04270622,14.42781573,9.188899426,0.512139182,0.148000242,455.7678092,127.664889,0.002382792,0.008506646,,0.130299811,,0.070185688
2459632.437,247236,534.434,-13.4828,0.0023,34658.1,270.304,-11.3495,0.0085,28116.9,257.792,-11.1224,0.01,3589.04,193.363,-8.8874,0.0585,-2.1333,0.2271,2.4621,,-1.7435,-0.3898,,9.696732605,12.05709329,14.29206613,9.166512894,0.53021971,0.148000669,462.6127829,128.2189683,0.002347536,0.008469886,,0.130296776,,0.070192224
2459632.438,247298,529.862,-13.4831,0.0023,33603.2,258.846,-11.316,0.0084,27359.4,250.509,-11.0928,0.0099,3007.52,216.114,-8.6955,0.078,-2.1671,0.2232,2.6205,,-1.7543,-0.4128,,9.662900082,12.05318517,14.45043028,9.155645921,0.50725416,0.147998171,466.7215237,129.8192748,0.002326869,0.008365476,,0.13028966,,0.070200164
2459632.44,254611,541.269,-13.5147,0.0023,34512.2,260.67,-11.3449,0.0082,27828.3,257.274,-11.1112,0.01,3333.08,204.193,-8.8071,0.0665,-2.1698,0.2337,2.5378,,-1.7665,-0.4033,,9.660238705,12.06371492,14.36781727,9.143550958,0.516687746,0.147985338,470.3964203,132.3980512,0.002308691,0.008202538,,0.130278976,,0.070192938
2459632.441,260321,541.959,-13.5388,0.0023,34835.8,270.55,-11.3551,0.0084,28638.4,249.226,-11.1424,0.0094,3618.48,193.439,-8.8963,0.058,-2.1837,0.2127,2.4588,,-1.7763,-0.4074,,9.646291462,12.04269259,14.28874903,9.13365701,0.512634451,0.147989632,480.3333832,128.7591942,0.00226093,0.008434349,,0.130292939,,0.070176074
2459632.442,263076,549.034,-13.5502,0.0023,35020,261.679,-11.3608,0.0081,28586.4,258.701,-11.1404,0.0098,3274.92,216.499,-8.788,0.0718,-2.1894,0.2204,2.5728,,-1.7718,-0.4176,,9.64058728,12.05039169,14.40278862,9.138229946,0.502357334,0.147973241,479.161582,133.8280871,0.002266459,0.008114888,,0.130272746,,0.070178998
2459632.443,242122,534.551,-13.4601,0.0024,32569.6,266.329,-11.282,0.0089,26575,244.973,-11.0612,0.01,2905.32,203.088,-8.658,0.0759,-2.1781,0.2208,2.624,,-1.7769,-0.4012,,9.65194543,12.05084788,14.45404613,9.133127359,0.518818071,0.148021255,452.9446208,122.2908508,0.002397644,0.008880468,,0.130325022,,0.070183193
2459632.445,241207,524.065,-13.456,0.0024,32637.8,266.374,-11.2843,0.0089,27148.8,255.864,-11.0844,0.0102,3208.32,203.887,-8.7657,0.069,-2.1717,0.1999,2.5186,,-1.7632,-0.4085,,9.658327424,12.0299256,14.348608,9.146792516,0.511534908,0.148017461,460.2616088,122.5262225,0.002359528,0.008863409,,0.130323165,,0.07017864
2459632.446,247765,534.929,-13.4851,0.0023,34379.6,269.706,-11.3408,0.0085,27552.3,256.737,-11.1004,0.0101,3142.72,203.781,-8.7433,0.0704,-2.1443,0.2404,2.5975,,-1.7643,-0.38,,9.685652157,12.0703574,14.42748783,9.145646804,0.540005353,0.148000985,463.1736174,127.4706532,0.002344693,0.008519608,,0.130299967,,0.070186966
2459632.447,191453,484.82,-13.2052,0.0027,26578.2,254.746,-11.0613,0.0104,21549.3,244.767,-10.8336,0.0123,2832.08,202.908,-8.6303,0.0778,-2.1439,0.2277,2.431,,-1.762,-0.3819,,9.686158473,12.05773099,14.26105012,9.147999151,0.538159322,0.148148032,394.8950126,104.3321583,0.002750098,0.010409063,,0.130445052,,0.070227686
2459632.448,224965,513.132,-13.3803,0.0025,30814.5,263.056,-11.2219,0.0093,25356.5,252.513,-11.0102,0.0108,3057.12,190.983,-8.7133,0.0678,-2.1584,0.2117,2.5086,,-1.7507,-0.4077,,9.671600423,12.04166455,14.3386066,9.159347861,0.512252562,0.148058501,438.4154565,117.1404568,0.002477102,0.009270922,,0.130353696,,0.070208501
2459632.449,217017,505.35,-13.3412,0.0025,30282.5,261.958,-11.203,0.0094,25279.6,262.732,-11.0069,0.0113,2856.24,203.077,-8.6395,0.0772,-2.1382,0.1961,2.5635,,-1.7423,-0.3959,,9.691744926,12.02605382,14.39349257,9.167796768,0.523948158,0.148060472,429.4390027,115.6005925,0.002528881,0.009394416,,0.130363531,,0.070194395
2459632.45,193818,476.672,-13.2185,0.0027,27218.6,246.244,-11.0872,0.0098,22853.4,247.372,-10.8974,0.0118,2704,202.647,-8.58,0.0814,-2.1313,0.1898,2.5072,,-1.7276,-0.4037,,9.698679189,12.01978741,14.33714774,9.182409314,0.516269875,0.148106804,406.6066394,110.535079,0.002670886,0.009824935,,0.130398094,,0.070227933
2459632.452,171153,462.968,-13.0835,0.0029,24661.8,251.089,-10.9801,0.0111,20110.4,252.502,-10.7585,0.0136,2019.2,189.26,-8.2629,0.1018,-2.1034,0.2216,2.7172,,11.9896,-14.093,,9.726600639,12.05151016,14.54711358,0,9.726600639,0.148290498,369.6864578,98.21935648,0.002937625,0.011056884,,0.13050243,,0.070421499
2459632.453,124159,409.641,-12.7349,0.0036,17882.5,259.255,-10.6311,0.0157,15049.7,253.564,-10.4438,0.0183,0,0,0,0,-2.1038,0.1873,10.6311,,-1.711,-0.3928,,9.726125069,12.01725098,0,9.198983511,0.527141558,0.149069626,303.0922198,68.97649033,0.003583068,0.015744495,,0.13099896,,0.071140888
2459632.455,130718,417.51,-12.7908,0.0035,19701.6,251.742,-10.7363,0.0139,15715.4,232.593,-10.4908,0.0161,1970.44,201.848,-8.2364,0.1112,-2.0545,0.2455,2.4999,,11.6773,-13.7318,,9.775415257,12.07544014,14.32984571,0,9.775415257,0.148754889,313.0895068,78.26107682,0.003468657,0.01387663,,0.130784527,,0.070876121
2459632.456,67296.5,333.044,-12.07,0.0054,9860.04,219.544,-9.9847,0.0242,8017.4,239.355,-9.7601,0.0324,0,0,0,0,-2.0853,0.2246,9.9847,,-1.6922,-0.3931,,9.744715498,12.05461281,0,9.217762449,0.526953049,0.149859413,202.0648923,44.91145283,0.005374511,0.024180914,,0.132338966,,0.070315303
2459632.458,125208,410.92,-12.7441,0.0036,19565.6,240.681,-10.7287,0.0134,15978.5,244.132,-10.5088,0.0166,1403.56,199.412,-7.8681,0.1543,-2.0154,0.2199,2.8606,,-1.6724,-0.343,,9.81465273,12.04989291,14.69065547,9.23752366,0.57712907,0.148386458,304.7016451,81.2926654,0.003564142,0.013359139,,0.1307332,,0.070195237
2459632.459,205488,493.811,-13.282,0.0026,32577.1,275.996,-11.2823,0.0092,26302.4,244.337,-11.05,0.0101,2575.84,202.33,-8.5273,0.0853,-1.9997,0.2323,2.755,,-1.6458,-0.3539,,9.830314889,12.06229261,14.58498384,9.264254719,0.566060171,0.148050538,416.1268178,118.0346817,0.002609781,0.009200686,,0.130351308,,0.070196141
2459632.461,211231,499.682,-13.3119,0.0026,34297.1,269.512,-11.3381,0.0085,27663.4,256.954,-11.1048,0.0101,2879.8,203.244,-8.6484,0.0766,-1.9738,0.2333,2.6897,,-1.6362,-0.3376,,9.856249362,12.06337961,14.51973768,9.27377982,0.582469542,0.148004632,422.7308568,127.2563003,0.00256901,0.008533959,,0.130305135,,0.070185062
2459632.462,215420,503.767,-13.3332,0.0025,35666.3,272.122,-11.3806,0.0083,28528,258.588,-11.1382,0.0098,3252.84,191.545,-8.7807,0.0639,-1.9526,0.2424,2.5999,,-1.6085,-0.3441,,9.877430092,12.07246683,14.42998839,9.301495005,0.575935087,0.14799451,427.6183236,131.0673154,0.002539648,0.008285819,,0.130288544,,0.070194518
2459632.464,210934,494.338,-13.3104,0.0025,35853.6,272.384,-11.3863,0.0082,28460.2,248.713,-11.1356,0.0095,3209.4,194.428,-8.7661,0.0658,-1.9241,0.2507,2.6202,,-1.5992,-0.3249,,9.905965451,12.08073705,14.4502723,9.310833954,0.595131497,0.147994849,426.6999502,131.6288769,0.002545114,0.008250469,,0.130286407,,0.070199199
2459632.466,183686,471.22,-13.1602,0.0028,31853.7,264.982,-11.2579,0.009,25621.6,263.237,-11.0215,0.0112,3066.48,190.906,-8.7166,0.0676,-1.9023,0.2364,2.5413,,-1.5728,-0.3295,,9.927709571,12.0663841,14.37129937,9.337212469,0.590497102,0.148045404,389.8094308,120.2108068,0.002785977,0.00903413,,0.130343305,,0.070200175
2459632.467,194190,482.214,-13.2206,0.0027,33656.5,268.321,-11.3177,0.0087,27667.7,247.193,-11.1049,0.0097,3330.04,204.24,-8.8061,0.0666,-1.9029,0.2128,2.5116,,-1.5688,-0.3341,,9.927105223,12.04273973,14.34154875,9.341213661,0.585891562,0.148047906,402.7050231,125.4337156,0.002696763,0.008657959,,0.130315896,,0.070256315
2459632.469,190990,478.907,-13.2025,0.0027,34285,260.234,-11.3378,0.0082,27877.2,267.393,-11.1131,0.0104,3055.52,216.108,-8.7127,0.0768,-1.8647,0.2247,2.6251,,-1.5519,-0.3128,,9.965233813,12.05463751,14.45504756,9.358108876,0.607124936,0.147994706,398.8039431,131.7468125,0.002723143,0.008243084,,0.130289539,,0.070193084
2459632.47,187564,475.34,-13.1829,0.0028,33747.9,268.574,-11.3206,0.0086,27307,256.259,-11.0907,0.0102,3281.96,191.722,-8.7903,0.0634,-1.8623,0.2299,2.5303,,-1.5371,-0.3252,,9.967743169,12.05993191,14.36028367,9.372957773,0.594785396,0.148013664,394.5891362,125.6558714,0.00275223,0.008642652,,0.13031604,,0.070183861
2459632.472,183397,465.612,-13.1585,0.0028,33332.8,267.758,-11.3072,0.0087,27102.2,256.66,-11.0825,0.0103,3273.32,204.156,-8.7875,0.0677,-1.8513,0.2247,2.5197,,-1.5305,-0.3208,,9.978698923,12.05466813,14.34970833,9.379488718,0.599210206,0.148017324,393.8837487,124.4885307,0.002757159,0.008723695,,0.130321544,,0.070181361
2459632.473,185724,478.953,-13.1722,0.0028,34249.2,260.091,-11.3366,0.0082,27814.6,247.412,-11.1107,0.0097,3303.68,191.577,-8.7975,0.063,-1.8356,0.2259,2.5391,,-1.5115,-0.3241,,9.994456007,12.05594403,14.36913114,9.39844146,0.596014548,0.147991926,387.7708251,131.6816037,0.002800623,0.008247166,,0.13029144,,0.070183694
2459632.475,185775,473.477,-13.1725,0.0028,34024.6,259.696,-11.3295,0.0083,28439.7,258.417,-11.1348,0.0099,3198.68,191.353,-8.7624,0.0649,-1.843,0.1947,2.5671,,-1.4985,-0.3445,,9.987014396,12.02467004,14.39705558,9.411491089,0.575523307,0.148001719,392.3633038,131.0170353,0.002767843,0.008288998,,0.130293394,,0.070200715
2459632.476,180481,467.853,-13.1411,0.0028,33937.9,259.603,-11.3267,0.0083,27745.2,257.156,-11.108,0.0101,3152.6,203.696,-8.7467,0.0701,-1.8144,0.2187,2.58,,-1.4887,-0.3257,,10.01563369,12.04874276,14.41004024,9.421269243,0.594364449,0.148023535,385.764332,130.7299993,0.00281519,0.008307198,,0.130295567,,0.070242667
2459632.478,180714,468.031,-13.1425,0.0028,34978.5,261.489,-11.3595,0.0081,28239.3,248.385,-11.1271,0.0095,3713.28,205.176,-8.9244,0.06,-1.783,0.2324,2.4351,,-1.4754,-0.3076,,10.04702346,12.06236814,14.26510871,9.434598061,0.612425395,0.148015148,386.1154496,133.7666212,0.00281263,0.008118617,,0.130283625,,0.070247144
2459632.479,140281,428.869,-12.8675,0.0033,27637.8,266.992,-11.1038,0.0105,22155.4,246.002,-10.8637,0.0121,2686.4,202.713,-8.5729,0.0819,-1.7637,0.2401,2.5309,,-1.4632,-0.3005,,10.06626154,12.07005969,14.36083198,9.446773708,0.619487834,0.148144257,327.0952202,103.5154611,0.003320134,0.010491186,,0.130464893,,0.070182851
2459632.481,154345,433.405,-12.9712,0.003,29894,271.325,-11.189,0.0099,24698,251.117,-10.9817,0.011,3186.2,200.537,-8.7582,0.0683,-1.7822,0.2073,2.4308,,-1.4552,-0.327,,10.04772866,12.03730561,14.26077749,9.45484308,0.592885583,0.148094934,356.1218722,110.177831,0.003049518,0.009856792,,0.130408803,,0.070183
2459632.482,175394,462.361,-13.11,0.0029,34805.4,270.659,-11.3541,0.0084,28644.6,258.813,-11.1426,0.0098,3558.72,204.745,-8.8782,0.0625,-1.7559,0.2115,2.4759,,-1.446,-0.3099,,10.07407974,12.04150967,14.30588203,9.463989461,0.610090281,0.148004417,379.3442786,128.5950218,0.002862835,0.008445117,,0.130305471,,0.070183985
2459632.484,174767,456.293,-13.1061,0.0028,35038.4,271.681,-11.3614,0.0084,28831.6,259.217,-11.1497,0.0098,3350.36,191.749,-8.8127,0.0621,-1.7447,0.2117,2.5487,,-1.4413,-0.3034,,10.08521209,12.04168881,14.37863198,9.468688093,0.616523994,0.148000381,383.0148611,128.968901,0.002835399,0.008420635,,0.130303287,,0.070179528
2459632.485,172926,459.66,-13.0946,0.0029,35449.3,253.568,-11.374,0.0078,28772.6,259.06,-11.1474,0.0098,3458.44,215.975,-8.8472,0.0678,-1.7206,0.2266,2.5268,,-1.4297,-0.2909,,10.10936842,12.05657139,14.35681855,9.480366919,0.629001501,0.147967484,376.2041509,139.8019466,0.002886731,0.007768132,,0.130263875,,0.070183325
2459632.487,170742,451.84,-13.0809,0.0029,35139.2,271.07,-11.3645,0.0084,28863.4,249.522,-11.1509,0.0094,3025.72,203.439,-8.7021,0.073,-1.7164,0.2136,2.6624,,-1.4225,-0.2939,,10.11362876,12.04361095,14.49240783,9.487477515,0.626151249,0.148003739,377.881551,129.6314605,0.002873916,0.008377596,,0.130301357,,0.070190192
2459632.489,167810,454.086,-13.062,0.0029,34922.8,270.67,-11.3578,0.0084,28090.4,257.913,-11.1214,0.01,3504.76,204.613,-8.8616,0.0634,-1.7042,0.2364,2.4962,,-1.4032,-0.301,,10.12572805,12.06637783,14.32612693,9.506811961,0.618916088,0.148007798,369.5555467,129.0235342,0.002938665,0.008417069,,0.130305344,,0.070191349
2459632.495,159152,439.263,-13.0045,0.003,34630,260.859,-11.3486,0.0082,27780.9,257.182,-11.1094,0.0101,3250.72,191.692,-8.7799,0.064,-1.6559,0.2392,2.5687,,-1.3707,-0.2852,,10.17410098,12.06926545,14.39868232,9.539321329,0.634779648,0.148000901,362.3159702,132.7537099,0.002997384,0.008180562,,0.130291619,,0.070202285
2459632.497,154510,433.572,-12.9724,0.003,34262.1,269.447,-11.337,0.0085,28002.1,247.79,-11.118,0.0096,3864.48,205.598,-8.9677,0.0578,-1.6354,0.219,2.3693,,-1.3649,-0.2705,,10.19464346,12.04905844,14.19930729,9.54510827,0.649535194,0.148022212,356.3652634,127.1571033,0.003047435,0.008540616,,0.130315882,,0.070202181
2459632.498,149473,431.942,-12.9364,0.0031,32983.7,267.064,-11.2957,0.0088,26765.2,255.2,-11.0689,0.0104,3310.48,204.083,-8.7997,0.0669,-1.6407,0.2268,2.496,,-1.3566,-0.2841,,10.18934155,12.0568222,14.32602101,9.553379079,0.635962473,0.148031229,346.0487751,123.5048528,0.003138286,0.008793177,,0.130334833,,0.07018601
2459632.5,148214,426.228,-12.9272,0.0031,32792.9,266.707,-11.2894,0.0088,27000.9,255.575,-11.0784,0.0103,2992.52,215.846,-8.6901,0.0783,-1.6378,0.211,2.5993,,-1.3438,-0.294,,10.19222649,12.04100396,14.42935691,9.566192237,0.626034254,0.148037578,347.7340766,122.9547781,0.003123076,0.008832516,,0.130337128,,0.07019514
2459632.502,76027.6,323.792,-12.2024,0.0046,17193.2,235.607,-10.5884,0.0149,14185.7,218.181,-10.3796,0.0167,0,0,0,0,-1.614,0.2088,10.5884,,-1.3326,-0.2814,,10.21596359,12.03876486,0,9.577340218,0.638623367,0.148563122,234.8038247,72.97406274,0.004625138,0.014882,,0.130930767,,0.070200681
2459632.503,148867,426.948,-12.932,0.0031,33730.7,268.459,-11.3201,0.0086,27377.3,266.41,-11.0935,0.0106,3117.76,203.72,-8.7346,0.0709,-1.6119,0.2266,2.5855,,-1.328,-0.2839,,10.21806729,12.05658685,14.41545668,9.581929422,0.636137872,0.148040819,348.6771223,125.6456293,0.003114629,0.008643357,,0.130324244,,0.070225889
2459632.504,137957,419.929,-12.8494,0.0033,31790.5,264.863,-11.2557,0.009,26052.7,253.888,-11.0396,0.0106,3090.56,203.544,-8.7251,0.0715,-1.5937,0.2161,2.5306,,-1.3231,-0.2706,,10.23638404,12.04611155,14.36065045,9.5868787,0.649505342,0.14803481,328.5245839,120.0262022,0.003305689,0.009048024,,0.130356413,,0.070153479
2459632.506,136872,418.635,-12.8408,0.0033,31254.6,273.682,-11.2373,0.0095,25886.6,253.472,-11.0327,0.0106,3157.8,202.705,-8.7485,0.0697,-1.6035,0.2046,2.4888,,-1.3149,-0.2886,,10.22649833,12.03459733,14.31882331,9.595103629,0.631394701,0.148068369,326.9482962,114.2004224,0.003321626,0.009509597,,0.130389668,,0.0701625
2459633.308,242464,534.87,-13.4616,0.0024,39893.9,279.782,-11.5023,0.0076,33565.1,268.192,-11.3147,0.0087,3448.4,204.529,-8.844,0.0644,-1.9593,0.1876,2.6583,,-1.6141,-0.3452,,9.870648073,12.01754637,14.48822215,9.295878705,0.574769368,0.147941208,453.3138894,142.5892302,0.002395691,0.007616283,,0.13024495,,0.070163054
2459633.314,228596,521.769,-13.3977,0.0025,40971.3,290.892,-11.5312,0.0077,33120.8,277.116,-11.3003,0.0091,4159.2,206.152,-9.0475,0.0538,-1.8665,0.2309,2.4837,,-1.5505,-0.316,,9.963527793,12.06094731,14.31367485,9.359507791,0.604020002,0.147943385,438.1172511,140.8471185,0.002478788,0.007710488,,0.130252048,,0.070154466
2459633.319,218449,506.787,-13.3484,0.0025,40760.6,290.487,-11.5256,0.0077,33924.2,259.502,-11.3263,0.0083,3860.04,205.533,-8.9665,0.0578,-1.8228,0.1993,2.5591,,-1.5161,-0.3067,,10.00722627,12.02932738,14.38912191,9.393926786,0.613299482,0.147950106,431.0469685,140.3181554,0.002519447,0.007739554,,0.130254552,,0.07016399
2459633.325,204568,492.856,-13.2771,0.0026,40675.6,299.915,-11.5233,0.008,33337.3,267.85,-11.3073,0.0087,3530.6,204.73,-8.8696,0.063,-1.7538,0.216,2.6537,,-1.47,-0.2838,,10.07624067,12.04600886,14.48371363,9.440021286,0.636219385,0.147966329,415.0664697,135.6237601,0.002616448,0.008007446,,0.130272656,,0.07016459
2459633.33,101398,367.251,-12.5151,0.0039,20757.4,243.19,-10.7929,0.0127,16854.5,234.064,-10.5668,0.0151,1645.6,200.018,-8.0408,0.132,-1.7222,0.2261,2.7521,,-1.4298,-0.2924,,10.10785891,12.0561427,14.58212169,9.480195962,0.627662952,0.148326301,276.099997,85.35466096,0.003933358,0.012723383,,0.130680357,,0.070166486
2459633.336,192114,474.861,-13.2089,0.0027,40987.7,290.964,-11.5316,0.0077,33244.8,277.294,-11.3043,0.0091,4292.48,218.951,-9.0818,0.0554,-1.6773,0.2273,2.4498,,-1.3944,-0.2829,,10.15273634,12.05732456,14.27986317,9.515620561,0.637115775,0.147950848,404.568916,140.8686298,0.002684339,0.00770931,,0.130256052,,0.070162771
2459633.342,186622,479.864,-13.1774,0.0028,40801.5,272.431,-11.5267,0.0072,34014.7,259.677,-11.3292,0.0083,3940,205.674,-8.9887,0.0567,-1.6507,0.1975,2.538,,-1.3722,-0.2785,,10.17928323,12.02752371,14.36794977,9.537710468,0.641572757,0.147927604,388.9060234,149.7681982,0.002792448,0.007251206,,0.130232015,,0.070158381
2459633.347,179868,472.8,-13.1374,0.0029,40740.9,290.54,-11.5251,0.0077,33667.6,268.466,-11.318,0.0087,3909.12,182.857,-8.9802,0.0508,-1.6123,0.2071,2.5449,,-1.3472,-0.2651,,10.21769178,12.03704615,14.37487904,9.562768128,0.654923654,0.147954812,380.4314721,140.2247539,0.002854653,0.00774471,,0.130261773,,0.070160509
2459633.353,174103,466.583,-13.102,0.0029,40763.4,272.397,-11.5257,0.0073,33447.4,258.619,-11.3109,0.0084,4390.28,219.232,-9.1062,0.0542,-1.5763,0.2148,2.4195,,-1.309,-0.2673,,10.25366036,12.04477009,14.24944545,9.600949283,0.652711082,0.14793232,373.1447567,149.6470225,0.002910399,0.007257077,,0.130234925,,0.070162922
2459633.358,168332,454.611,-13.0654,0.0029,39600.7,279.257,-11.4943,0.0077,32660.3,265.692,-11.2851,0.0088,3891.2,217.917,-8.9752,0.0608,-1.5711,0.2092,2.5191,,-1.2882,-0.2829,,10.25884045,12.03920673,14.34904827,9.621781287,0.637059161,0.147959055,370.2770061,141.8073674,0.002932939,0.007658276,,0.130258402,,0.070175713
2459633.364,166130,452.257,-13.0511,0.003,39526.8,288.312,-11.4922,0.0079,31956.9,265.302,-11.2614,0.009,3715.44,205.127,-8.925,0.0599,-1.5589,0.2308,2.5672,,-1.2779,-0.281,,10.27110898,12.06081753,14.39720351,9.632112721,0.638996257,0.147968833,367.3353867,137.0973112,0.002956426,0.007921381,,0.130274666,,0.070166138
2459633.369,163662,449.445,-13.0349,0.003,38822.4,287.175,-11.4727,0.008,32323.6,275.628,-11.2738,0.0093,3798.4,205.383,-8.949,0.0587,-1.5622,0.1989,2.5237,,-13.6856,12.1234,,10.26783631,12.02890664,14.35370421,9.649015928,0.618820387,0.147980907,364.1424423,135.1872552,0.002982349,0.008033302,,0.130282111,,0.070177778
2459633.375,164253,450.103,-13.0388,0.003,39730.1,280.182,-11.4978,0.0077,32128.5,256.095,-11.2672,0.0087,3973.84,205.864,-8.998,0.0562,-1.541,0.2306,2.4998,,-1.261,-0.28,,10.28901587,12.06057302,14.3297732,9.622534003,0.666481866,0.147953902,364.9231398,141.8010436,0.002975969,0.007658618,,0.130259398,,0.070162998
2459633.38,169268,455.664,-13.0714,0.0029,39059,278.286,-11.4793,0.0077,31472.3,264.219,-11.2448,0.0091,3438.28,217.05,-8.8409,0.0685,-1.5921,0.2345,2.6384,,-1.2875,-0.3046,,10.23786564,12.06448159,14.4684497,9.575076443,0.662789201,0.147955844,371.4754732,140.3556054,0.002923477,0.007737489,,0.130262871,,0.070160645
2459633.386,182299,475.285,-13.152,0.0028,38958.4,268.991,-11.4765,0.0075,31783.4,274.646,-11.2555,0.0094,3409.12,204.325,-8.8316,0.0651,-1.6755,0.221,2.6449,,-1.3349,-0.3406,,10.15454206,12.0510019,14.47489706,9.486414807,0.668127258,0.147938735,383.5572341,144.8316115,0.00283139,0.007498363,,0.130246851,,0.070154309
2459633.392,206714,495.074,-13.2884,0.0026,38960.5,269.067,-11.4766,0.0075,31382,254.557,-11.2417,0.0088,3559.96,204.748,-8.8786,0.0624,-1.8118,0.2349,2.598,,-1.4236,-0.3882,,10.01813658,12.06485976,14.42794851,9.343408114,0.674728463,0.14793473,417.54162,144.7985074,0.002600938,0.007500077,,0.130242144,,0.070154603
2459633.397,248072,540.064,-13.4864,0.0024,38850.3,277.871,-11.4735,0.0078,31908,274.919,-11.2597,0.0094,3491.44,217.114,-8.8575,0.0675,-2.0129,0.2138,2.616,,-1.5665,-0.4464,,9.817041572,12.04373698,14.44597448,9.136066048,0.680975524,0.147950571,459.3381525,139.8141584,0.002364271,0.007767454,,0.130253304,,0.070167287
2459633.403,284659,572.98,-13.6358,0.0022,38648.5,286.828,-11.4678,0.0081,32255.7,265.698,-11.2715,0.0089,3511.32,217.102,-8.8637,0.0671,-2.168,0.1963,2.6041,,-14.1255,11.9575,,9.662019309,12.02631543,14.43415558,9.151336407,0.510682902,0.147958377,496.804426,134.7445159,0.002185971,0.008059697,,0.130267944,,0.070156569
2459633.408,286803,570.232,-13.644,0.0022,39011.9,269.235,-11.478,0.0075,31912,265.092,-11.2599,0.009,0,0,0,0,-2.166,0.2181,11.478,,-1.7739,-0.3921,,9.664033531,12.0481077,0,9.189283146,0.474750385,0.147929191,502.958445,144.8990659,0.002159224,0.007494872,,0.130233772,,0.070158464
2459633.414,277101,561.641,-13.6066,0.0022,38943.8,278.119,-11.4761,0.0078,31784.2,264.851,-11.2555,0.009,3800.44,204.284,-8.9496,0.0584,-2.1305,0.2206,2.5265,,-1.7587,-0.3718,,9.699500583,12.0505676,14.35651111,9.251738893,0.44776169,0.147943378,493.3774422,140.0256725,0.002201155,0.007755721,,0.130249746,,0.070158725
2459633.419,260501,542.125,-13.5395,0.0023,39336.6,269.729,-11.487,0.0074,31248.3,254.294,-11.2371,0.0088,3552.92,192.377,-8.8765,0.0588,-2.0525,0.2499,2.6105,,-1.7208,-0.3317,,9.777468562,12.07992606,14.44052848,9.315340916,0.462127646,0.147926902,480.5183306,145.8374887,0.002260059,0.007446645,,0.130232716,,0.070155598
2459633.43,225263,513.401,-13.3817,0.0025,38666.3,277.499,-11.4683,0.0078,31392.8,273.934,-11.2421,0.0095,3442.52,204.461,-8.8422,0.0645,-1.9134,0.2262,2.6261,,-1.5946,-0.3188,,9.916606881,12.05625641,14.45614036,9.36963809,0.546968792,0.147954257,438.7661886,139.3385201,0.002475122,0.007793968,,0.130256947,,0.070168297
2459633.436,213115,506.692,-13.3215,0.0026,39009.3,287.456,-11.4779,0.008,31678.8,264.568,-11.2519,0.0091,3648.92,204.911,-8.9054,0.061,-1.8436,0.226,2.5725,,-1.5404,-0.3032,,9.986385347,12.05599859,14.40250954,9.416924509,0.569460838,0.147964687,420.6006805,135.7052905,0.002582022,0.008002636,,0.130271674,,0.070162951
2459633.442,202248,490.52,-13.2647,0.0026,38619.2,277.414,-11.467,0.0078,32243.4,265.758,-11.2711,0.0089,3448.44,191.954,-8.8441,0.0604,-1.7977,0.1959,2.6229,,-1.493,-0.3047,,10.03229759,12.02590611,14.4529515,9.453526883,0.578770711,0.14795518,412.3134633,139.2114313,0.002633918,0.007801084,,0.130260487,,0.070163671
2459633.447,193275,481.263,-13.2154,0.0027,38639.1,277.53,-11.4676,0.0078,31539.5,265.163,-11.2471,0.0091,3774.76,205.434,-8.9422,0.0591,-1.7478,0.2205,2.5254,,-1.4565,-0.2913,,10.0821283,12.05043049,14.35534414,9.496680542,0.585447758,0.147956799,401.5995412,139.2249487,0.002704186,0.007800326,,0.130261881,,0.070164497
2459633.453,185731,473.385,-13.1722,0.0028,38501.2,277.242,-11.4637,0.0078,30855.9,263.05,-11.2233,0.0093,3228.96,191.432,-8.7727,0.0644,-1.7085,0.2404,2.691,,-1.4133,-0.2952,,10.12147467,12.07034012,14.521029,9.521691816,0.599782856,0.147962369,392.3466101,138.8721767,0.002767961,0.007820141,,0.130264409,,0.070171549
2459633.458,179492,466.288,-13.1351,0.0028,38405.6,268.034,-11.461,0.0076,31736.5,264.803,-11.2539,0.0091,3258.44,203.956,-8.7825,0.068,-1.6741,0.2071,2.6785,,-1.3883,-0.2858,,10.15587364,12.03708881,14.50846206,9.553996774,0.60187687,0.147949391,384.938064,143.2862995,0.002821233,0.007579231,,0.130251311,,0.070168499
2459633.464,173603,460.42,-13.0989,0.0029,38110.6,276.496,-11.4526,0.0079,31551.3,264.327,-11.2475,0.0091,3699.84,192.708,-8.9205,0.0565,-1.6463,0.2051,2.5321,,-1.356,-0.2903,,10.1837214,12.03507132,14.36215711,9.585444047,0.598277354,0.147962789,377.0535598,137.834182,0.002880227,0.007879033,,0.130270391,,0.070161329
2459633.469,168039,460.039,-13.0635,0.003,38671,269.205,-11.4685,0.0076,31381.3,264.089,-11.2417,0.0091,0,0,0,0,-1.595,0.2268,11.4685,,-1.3246,-0.2704,,10.23493829,12.05678618,0,9.190719937,1.044218349,0.147950331,365.2712053,143.6488921,0.002973133,0.0075601,,0.130253578,,0.070166274
2459635.45,268758,558.932,-13.5734,0.0023,38189,267.63,-11.4548,0.0076,31050.4,254.019,-11.2302,0.0089,3546.04,204.822,-8.8744,0.0627,-2.1186,0.2246,2.5804,,-1.7193,-0.3993,,9.711442214,12.05467772,14.41048664,9.163737204,0.54770501,0.147940085,480.8420345,142.6932706,0.002258538,0.00761073,,0.130242175,,0.070165836
2459635.451,273419,558.373,-13.5921,0.0022,38051.4,278.699,-11.4509,0.008,31245.8,263.832,-11.237,0.0092,3583.16,204.859,-8.8857,0.0621,-2.1412,0.2139,2.5652,,-1.7463,-0.3949,,9.688854874,12.04394748,14.3952611,9.1479054,0.540949473,0.147955244,489.6708831,136.5322445,0.002217816,0.007954165,,0.130261995,,0.070161007
2459635.452,278939,563.334,-13.6138,0.0022,37526.2,277.756,-11.4358,0.008,31284.8,263.864,-11.2383,0.0092,3483.84,217.097,-8.8551,0.0677,-2.178,0.1975,2.5807,,-1.7621,-0.4159,,9.652063373,12.02750301,14.41069097,9.145333646,0.506729728,0.147962734,495.1574022,135.1049122,0.002193242,0.008038198,,0.130266738,,0.070167996
2459635.453,279811,565.184,-13.6172,0.0022,37931.7,267.148,-11.4475,0.0076,30974.8,263.276,-11.2275,0.0092,3278.56,191.562,-8.7892,0.0634,-2.1697,0.22,2.6583,,-1.7647,-0.405,,9.660343809,12.04998449,14.48829793,0,9.660343809,0.147941635,495.0794785,141.9875874,0.002193587,0.007648556,,0.130243281,,0.070167052
2459635.455,140556,422.961,-12.8696,0.0033,18889.3,239.272,-10.6905,0.0138,15340.7,219.905,-10.4646,0.0156,1675.36,187.382,-8.0603,0.1214,-2.1791,0.2259,2.6302,,12.3777,-14.5568,,9.650916187,12.05592672,14.4602693,9.129017631,0.521898556,0.148402738,332.3143269,78.94488281,0.00326799,0.013756433,,0.130766659,,0.070167325
2459635.456,281177,569.956,-13.6224,0.0022,37667.4,275.694,-11.4399,0.0079,31488.7,254.843,-11.2454,0.0088,3370.64,204.339,-8.8193,0.0658,-2.1825,0.1945,2.6206,,-1.781,-0.4015,,9.647464628,12.02452728,14.45063318,9.132714184,0.514750444,0.147957966,493.3310642,136.6275653,0.002201361,0.007948616,,0.130261378,,0.070167892
2459635.457,280238,564.426,-13.6188,0.0022,37509,275.527,-11.4353,0.008,30998.6,273.168,-11.2284,0.0096,3698.36,217.765,-8.92,0.0639,-2.1835,0.2069,2.5153,,-1.7773,-0.4062,,9.646521153,12.03698351,14.34531576,9.14779406,0.498727093,0.147956389,496.5008699,136.1354786,0.002187307,0.007977347,,0.130262897,,0.070161747
2459635.458,278035,562.531,-13.6102,0.0022,37753.7,275.81,-11.4424,0.0079,30935.4,253.716,-11.2261,0.0089,3863.88,196.104,-8.9676,0.0551,-2.1678,0.2163,2.4748,,-14.1458,11.978,,9.662150127,12.04625946,14.30483973,9.149039421,0.513110706,0.147955065,494.2572054,136.8829992,0.002197237,0.007933783,,0.130260404,,0.070163583
2459635.459,274492,554.896,-13.5963,0.0022,37399.7,266.151,-11.4322,0.0077,30805.3,263.038,-11.2216,0.0093,3801.52,217.769,-8.9499,0.0622,-2.1641,0.2106,2.4823,,-1.7622,-0.4019,,9.665846067,12.04060669,14.3122771,9.153894909,0.511951158,0.147943734,494.6728756,140.5206067,0.00219539,0.007728404,,0.130248025,,0.070162671
2459635.46,272733,562.499,-13.5893,0.0022,37603,275.577,-11.4381,0.008,30707.4,253.267,-11.2181,0.009,3152.44,203.914,-8.7466,0.0702,-2.1512,0.22,2.6915,,-1.7609,-0.3903,,9.678712013,12.04994862,14.52143916,9.170755005,0.507957008,0.147960009,484.8595286,136.451881,0.002239824,0.00795885,,0.130262658,,0.070169824
2459635.462,270148,560.13,-13.579,0.0023,37817.3,258.195,-11.4442,0.0074,31192.6,254.185,-11.2351,0.0088,3691.88,205.016,-8.9181,0.0603,-2.1348,0.2091,2.5261,,-1.7561,-0.3787,,9.695221905,12.03909736,14.35610736,0,9.695221905,0.147928433,482.2951815,146.4679796,0.002251733,0.00741459,,0.130230743,,0.070162488
2459635.463,267050,557.402,-13.5665,0.0023,37917.6,285.639,-11.4471,0.0082,30792.4,263.014,-11.2211,0.0093,3582.68,192.304,-8.8855,0.0583,-2.1194,0.226,2.5616,,-1.7392,-0.3802,,9.710620646,12.05599325,14.39158205,9.186878569,0.523742077,0.147969957,479.097671,132.7465787,0.002266761,0.008181002,,0.130276886,,0.070164386
2459635.464,262512,548.56,-13.5479,0.0023,37660.2,275.721,-11.4397,0.0079,31032.1,253.907,-11.2295,0.0089,3603.4,217.546,-8.8918,0.0655,-2.1082,0.2102,2.5479,,12.3671,-14.4753,,9.721833653,12.04017864,14.37792537,9.199508691,0.522324962,0.147958116,478.5474697,136.5880727,0.002269367,0.007950914,,0.130262685,,0.070165782
2459635.465,260357,546.552,-13.5389,0.0023,37095.9,274.695,-11.4233,0.008,31363.6,254.483,-11.2411,0.0088,3668.8,204.959,-8.9113,0.0607,-2.1156,0.1822,2.512,,-1.7231,-0.3925,,9.714391634,12.01225001,14.34200469,9.208657491,0.505734142,0.147965829,476.3627249,135.0439578,0.002279775,0.008041826,,0.130268447,,0.07017135
2459635.466,257403,543.822,-13.5265,0.0023,37791.7,285.331,-11.4435,0.0082,30948.5,263.184,-11.2266,0.0092,3831.52,205.356,-8.9584,0.0582,-2.083,0.2169,2.4851,,-1.7105,-0.3725,,9.74695706,12.04689206,14.31506333,9.233070335,0.513886726,0.147972344,473.3221532,132.4486298,0.00229442,0.008199405,,0.130278527,,0.070166374
2459635.468,253154,544.372,-13.5085,0.0023,37654.3,273.414,-11.4395,0.0079,31507.6,258.656,-11.246,0.0089,3259.48,204.067,-8.7829,0.068,-2.069,0.1935,2.6566,,-1.7014,-0.3676,,9.761074461,12.02349814,14.48666564,9.234721399,0.526353062,0.147955863,465.0386133,137.7189902,0.00233529,0.007885623,,0.130259881,,0.070166237
2459635.469,248966,535.989,-13.4904,0.0023,37480,284.828,-11.4345,0.0083,31033,263.471,-11.2296,0.0092,3507.6,192.058,-8.8625,0.0594,-2.0559,0.2049,2.572,,-1.6769,-0.379,,9.774148851,12.03493955,14.4019738,9.24282635,0.531322501,0.147979252,464.4983386,131.5881866,0.002338006,0.00825302,,0.130282687,,0.070173218
2459635.47,246268,533.549,-13.4785,0.0024,38002.7,276.301,-11.4495,0.0079,30980.4,263.329,-11.2277,0.0092,3268.96,191.587,-8.786,0.0636,-2.029,0.2218,2.6635,,-1.6753,-0.3537,,9.801016175,12.05181858,14.49351212,9.25953025,0.541485925,0.147957291,461.5658543,137.5409427,0.00235286,0.007895831,,0.130260816,,0.070167512
2459635.471,241721,529.228,-13.4583,0.0024,37397.1,275.283,-11.4321,0.008,30878.6,253.566,-11.2241,0.0089,3436.88,197.058,-8.8404,0.0623,-2.0262,0.208,2.5917,,-1.6672,-0.359,,9.803808858,12.03795081,14.42168389,9.271900967,0.531907892,0.147963378,456.7426516,135.8496529,0.002377707,0.007994132,,0.130267262,,0.07016838
2459635.472,238294,530.957,-13.4428,0.0024,37575.4,266.372,-11.4373,0.0077,30874,272.893,-11.224,0.0096,3588.52,204.818,-8.8873,0.062,-2.0055,0.2133,2.55,,-1.6505,-0.355,,9.824476263,12.04327678,14.3799706,9.288052707,0.536423556,0.14794913,448.8009387,141.0636253,0.002419781,0.007698654,,0.130250238,,0.070169941
2459635.474,233728,516.899,-13.4218,0.0024,37476.4,275.307,-11.4344,0.008,30698.7,262.709,-11.2178,0.0093,3983.28,205.779,-9.0006,0.0561,-1.9874,0.2166,2.4338,,-1.6381,-0.3493,,9.842617807,12.0465947,14.26379257,9.300954716,0.541663092,0.147963596,452.173442,136.1258522,0.002401733,0.007977911,,0.130266709,,0.070169868
2459635.475,230197,518.205,-13.4052,0.0024,37090.4,274.645,-11.4232,0.008,30169.1,261.699,-11.1989,0.0094,3424.32,191.942,-8.8364,0.0609,-1.982,0.2243,2.5868,,-1.6219,-0.3601,,9.847904644,12.05424791,14.41671794,9.313692866,0.534211777,0.147967409,444.2199516,135.0485172,0.002444735,0.008041554,,0.130271422,,0.070169159
2459635.476,226365,510.84,-13.387,0.0025,37779.8,275.897,-11.4431,0.0079,30252,253.086,-11.2019,0.0091,4045.68,218.503,-9.0175,0.0586,-1.9439,0.2412,2.4256,,-1.609,-0.3349,,9.886125941,12.07126391,14.25567031,9.32061448,0.565511461,0.147965069,443.1230914,136.9344357,0.002450786,0.007930803,,0.130264746,,0.070176617
2459635.477,223618,517.001,-13.3738,0.0025,37152.4,265.65,-11.425,0.0078,30730.6,262.854,-11.2189,0.0093,3636.64,217.564,-8.9018,0.065,-1.9488,0.2061,2.5232,,-1.5963,-0.3525,,9.881200287,12.03603959,14.35321641,9.321714871,0.559485416,0.147954595,432.529144,139.854696,0.002510813,0.007765202,,0.130255912,,0.070170932
2459635.478,219961,503.386,-13.3559,0.0025,37065.1,276.924,-11.4224,0.0081,30631.1,253.078,-11.2154,0.009,3350.08,191.748,-8.8126,0.0621,-1.9335,0.207,2.6098,,-1.5893,-0.3442,,9.896548727,12.03700646,14.439775,9.34085121,0.555697516,0.147979925,436.9628873,133.8457483,0.002485337,0.008113818,,0.130276671,,0.070185805
2459635.479,218982,507.29,-13.351,0.0025,37354,259.343,-11.4308,0.0075,30561.1,252.939,-11.2129,0.009,3942.6,205.68,-8.9895,0.0566,-1.9202,0.2179,2.4413,,-1.5883,-0.3319,,9.909821741,12.04792033,14.27138599,9.359688178,0.550133563,0.14794394,431.6702478,144.0331916,0.002515809,0.007539929,,0.130242773,,0.070172854
2459635.481,213279,506.854,-13.3224,0.0026,36675.6,283.413,-11.4109,0.0084,30615.9,262.594,-11.2149,0.0093,3313.68,216.704,-8.8008,0.071,-1.9115,0.196,2.6101,,-1.5692,-0.3423,,9.918572829,12.02607549,14.44016665,9.358915892,0.559656937,0.148029348,420.7898132,129.4069079,0.002580861,0.008392133,,0.130296158,,0.07025382
2459635.482,211561,499.945,-13.3136,0.0026,36769.6,264.965,-11.4137,0.0078,30169.6,271.646,-11.1989,0.0098,3265.84,191.528,-8.785,0.0637,-1.8999,0.2148,2.6287,,-1.5503,-0.3496,,9.930133236,12.04479838,14.458735,9.377435462,0.552697773,0.147959809,423.1685485,138.7715359,0.002566353,0.007825812,,0.130260621,,0.070173183
2459635.483,208490,491.84,-13.2977,0.0026,36658.4,264.718,-11.4104,0.0078,30369.4,262.208,-11.2061,0.0094,3236.4,194.497,-8.7752,0.0652,-1.8873,0.2043,2.6352,,-1.5511,-0.3362,,9.942720691,12.03434323,14.46527828,9.388163212,0.554557479,0.147963824,423.8980156,138.4809495,0.002561937,0.007842234,,0.130261522,,0.070179977
2459635.484,204866,498.461,-13.2787,0.0026,37048,274.608,-11.4219,0.008,30427.4,272.259,-11.2082,0.0097,3656.32,205.037,-8.9076,0.0609,-1.8568,0.2137,2.5143,,-1.5326,-0.3242,,9.9732372,12.04374981,14.34430142,9.396572609,0.576664591,0.147973597,410.9970489,134.9123114,0.002642355,0.008049673,,0.130275782,,0.070174113
2459635.485,201580,489.861,-13.2611,0.0026,36572.7,283.142,-11.4079,0.0084,29933.8,251.658,-11.1904,0.0091,3012.2,203.406,-8.6972,0.0733,-1.8532,0.2175,2.7107,,-1.5218,-0.3314,,9.976773957,12.04748793,14.54068305,9.407043235,0.569730722,0.147994044,411.504488,129.1673436,0.002639096,0.008407698,,0.130298328,,0.070175371
2459635.487,199550,487.716,-13.2501,0.0027,39163.1,278.353,-11.4822,0.0077,30050.4,261.557,-11.1946,0.0094,3497.12,205.595,-8.8593,0.0638,-1.7679,0.2876,2.6229,,-1.5134,-0.2545,,10.06206332,12.11756701,14.45291632,9.421884378,0.640178946,0.14795344,409.1520475,140.6958071,0.00265427,0.00771878,,0.130255997,,0.070168337
2459635.488,197205,485.398,-13.2373,0.0027,36626.6,264.695,-11.4095,0.0078,30078.8,261.611,-11.1956,0.0094,2986.04,203.341,-8.6877,0.0739,-1.8278,0.2139,2.7218,,-1.503,-0.3248,,10.00219671,12.04384025,14.55175246,9.426734832,0.575461877,0.147961343,406.2748507,138.3728442,0.002673067,0.007848361,,0.130264124,,0.070169915
2459635.489,193660,487.142,-13.2176,0.0027,36785.1,274.17,-11.4142,0.0081,30264.3,252.39,-11.2023,0.0091,3334.96,191.759,-8.8077,0.0624,-1.8034,0.2119,2.6065,,-1.4881,-0.3153,,10.02658003,12.04185327,14.43645328,9.446528011,0.580052023,0.147980645,397.5432215,134.1689463,0.002731778,0.008094272,,0.130280389,,0.070180422
2459635.49,192011,480.018,-13.2083,0.0027,36503.8,283.065,-11.4058,0.0084,30085.2,252.035,-11.1959,0.0091,3306.2,204.182,-8.7983,0.067,-1.8025,0.2099,2.6075,,-1.4832,-0.3193,,10.02752992,12.03996293,14.43752239,9.444634375,0.582895542,0.147998464,400.0079164,128.959073,0.002714946,0.008421276,,0.130300763,,0.070180171
2459635.492,188796,476.564,-13.19,0.0027,36425.1,255.419,-11.4035,0.0076,29450.8,241.415,-11.1727,0.0089,3503.04,217.141,-8.8611,0.0673,-1.7865,0.2308,2.5424,,-1.4634,-0.3231,,10.04351991,12.06075914,14.37238914,9.459733732,0.583786178,0.147956298,396.1608514,142.6092029,0.002741311,0.007615217,,0.130251704,,0.070182332
2459635.493,187391,480.612,-13.1819,0.0028,36449.5,273.557,-11.4042,0.0081,30228.1,261.981,-11.201,0.0094,3325.92,204.23,-8.8048,0.0667,-1.7777,0.2032,2.5994,,-1.4654,-0.3123,,10.05235712,12.03320181,14.42944944,9.458285359,0.594071757,0.147986039,389.9007932,133.2427977,0.002785324,0.008150534,,0.130285031,,0.070183178
2459635.494,186063,475.063,-13.1741,0.0028,36838.6,274.267,-11.4158,0.0081,30346.4,272.017,-11.2053,0.0097,3462.64,204.51,-8.8485,0.0641,-1.7583,0.2105,2.5673,,-1.4503,-0.308,,10.07160775,12.04048985,14.39723944,9.474267786,0.597339959,0.147982798,391.6596325,134.3165601,0.002772816,0.008085377,,0.130280704,,0.070184377
2459635.495,184918,478.059,-13.1674,0.0028,37026,274.568,-11.4213,0.0081,30079.8,261.613,-11.1957,0.0094,3240.08,203.965,-8.7764,0.0683,-1.7461,0.2256,2.6449,,-1.4517,-0.2944,,10.08381902,12.05557963,14.47487766,9.485374097,0.598444926,0.147976231,386.8099963,134.85184,0.00280758,0.008053283,,0.130279461,,0.070172836
2459635.496,184017,471.571,-13.1621,0.0028,36500.6,273.569,-11.4058,0.0081,30131.2,271.622,-11.1975,0.0098,3219.28,191.356,-8.7694,0.0645,-1.7563,0.2083,2.6364,,-1.4357,-0.3206,,10.07360514,12.03820894,14.46635313,9.482488677,0.591116466,0.147983589,390.2211968,133.4237432,0.002783037,0.008139481,,0.130284291,,0.070179386
2459635.497,181568,468.966,-13.1476,0.0028,36625.6,273.838,-11.4095,0.0081,30233.4,271.763,-11.2012,0.0098,3657.6,195.577,-8.908,0.0581,-1.7381,0.2083,2.5015,,-1.4246,-0.3135,,10.0918636,12.0382444,14.33147135,9.495276392,0.596587203,0.147985789,387.1666603,133.749151,0.002804994,0.008119678,,0.130283526,,0.070185445
2459635.499,179154,466.825,-13.1331,0.0028,36716.2,274.003,-11.4121,0.0081,29895.3,251.62,-11.189,0.0091,3620.92,204.843,-8.897,0.0614,-1.721,0.2231,2.5151,,-1.4275,-0.2935,,10.10907804,12.05313703,14.34509699,9.502802988,0.606275056,0.147982246,383.7712205,133.9992628,0.002829811,0.008104522,,0.130283119,,0.07017873
2459635.5,175813,457.438,-13.1126,0.0028,35957.2,272.696,-11.3895,0.0082,29796.9,260.987,-11.1854,0.0095,3507.84,204.675,-8.8626,0.0633,-1.7231,0.2041,2.5269,,-1.4147,-0.3084,,10.1068372,12.03403696,14.35686522,9.507897126,0.598940076,0.147989886,384.3427962,131.8581864,0.002825603,0.008236121,,0.13029128,,0.070179689
2459635.501,175152,462.028,-13.1085,0.0029,35888.6,272.53,-11.3874,0.0082,29502.9,260.466,-11.1747,0.0096,3217.88,203.911,-8.7689,0.0688,-1.7211,0.2127,2.6185,,-1.4072,-0.3139,,10.10885354,12.04272952,14.44846668,9.536514819,0.572338721,0.147992019,379.0939077,131.6867868,0.002864726,0.008246841,,0.130292813,,0.070181341
2459635.503,172781,459.576,-13.0937,0.0029,35923.9,272.513,-11.3885,0.0082,29523.5,261.334,-11.1754,0.0096,3494.56,204.697,-8.8585,0.0636,-1.7052,0.2131,2.53,,-1.4021,-0.3031,,10.12471874,12.04303909,14.35997744,9.546144115,0.578574624,0.147992378,375.9574042,131.8245368,0.002888625,0.008238224,,0.130292795,,0.07018213
2459635.508,167238,447.945,-13.0583,0.0029,36144.6,282.474,-11.3951,0.0085,29669.6,270.771,-11.1808,0.0099,3608.48,204.866,-8.8933,0.0616,-1.6632,0.2143,2.5018,,-1.3735,-0.2897,,10.16677114,12.04432933,14.3317978,9.549634581,0.617136563,0.148007078,373.3449419,127.9572633,0.002908838,0.008487209,,0.130309225,,0.070182627
2459635.51,165487,451.471,-13.0469,0.003,36327.7,264.093,-11.4006,0.0079,29697.7,270.869,-11.1818,0.0099,3141.2,203.832,-8.7427,0.0705,-1.6463,0.2188,2.6579,,-1.3638,-0.2825,,10.18368505,12.04878772,14.48785578,9.564043364,0.619641684,0.147972703,366.5506755,137.5564669,0.002962755,0.00789494,,0.130273205,,0.070177012
2459635.511,164403,456.153,-13.0398,0.003,35899.4,272.55,-11.3877,0.0082,29658.2,260.764,-11.1804,0.0095,3475.2,207.599,-8.8524,0.0649,-1.6521,0.2073,2.5353,,-1.3604,-0.2917,,10.17794363,12.037356,14.36526847,9.559473798,0.618469832,0.147999166,360.411967,131.7167492,0.003013218,0.008244965,,0.130296043,,0.070190414
2459635.512,162862,443.077,-13.0295,0.003,35613.2,271.983,-11.379,0.0083,30148.6,261.787,-11.1982,0.0094,3406.56,191.895,-8.8308,0.0612,-1.6505,0.1808,2.5482,,-1.346,-0.3045,,10.17947809,12.01085962,14.37823739,9.573171055,0.606307032,0.147995416,367.5704223,130.939066,0.002954536,0.008293934,,0.130297807,,0.070179232
2459635.513,81555.7,346.291,-12.2786,0.0046,18318.8,237.984,-10.6572,0.0141,15049,220.195,-10.4438,0.0159,1473,186.738,-7.9205,0.1376,-1.6214,0.2134,2.7367,,-1.3505,-0.2709,,10.20860675,12.04347345,14.56673569,9.575037781,0.633568973,0.148478944,235.5120405,76.97492268,0.004611229,0.014108491,,0.130844614,,0.070183215
2459635.514,159430,446.152,-13.0064,0.003,36156.3,272.939,-11.3955,0.0082,29664.4,260.818,-11.1806,0.0095,3501.24,204.604,-8.8606,0.0634,-1.6109,0.2149,2.5349,,-1.3368,-0.2741,,10.21903484,12.04487103,14.36490525,9.588821657,0.630213181,0.14799557,357.3445821,132.4702589,0.003039083,0.008198067,,0.130293685,,0.070187209
2459635.515,158392,443.595,-12.9993,0.003,36099,272.834,-11.3937,0.0082,29226.9,260.064,-11.1645,0.0097,3599.8,204.845,-8.8907,0.0618,-1.6056,0.2292,2.503,,-1.335,-0.2706,,10.22440482,12.05928104,14.333042,9.591621602,0.63278322,0.147999707,357.0644394,132.3112222,0.003041468,0.008207921,,0.130294361,,0.070194678
2459635.516,157343,436.739,-12.9921,0.003,35683,272.071,-11.3812,0.0083,29396.9,260.305,-11.1708,0.0096,3838.68,193.118,-8.9605,0.0546,-1.6109,0.2104,2.4207,,-1.3211,-0.2898,,10.21903483,12.04039956,14.25069862,9.590846514,0.62818832,0.148000344,360.267803,131.1532651,0.003014424,0.008280389,,0.130298318,,0.070188676
2459635.518,156114,441.019,-12.9836,0.0031,35527.8,271.745,-11.3764,0.0083,29479.1,260.42,-11.1738,0.0096,3480.88,204.5,-8.8542,0.0638,-1.6072,0.2026,2.5222,,-1.3184,-0.2888,,10.22281616,12.03263524,14.35219816,9.600024253,0.622791907,0.148006535,353.984749,130.73948,0.003067929,0.008306596,,0.130301235,,0.070196315
2459635.519,155283,440.05,-12.9778,0.0031,35447.4,281.148,-11.374,0.0086,29427.1,260.363,-11.1719,0.0096,3363.2,216.76,-8.8169,0.07,-1.6038,0.2021,2.5571,,-1.3191,-0.2847,,10.22615118,12.0320923,14.38707923,9.597734056,0.628417127,0.148022426,352.8758096,126.0809253,0.00307757,0.008613515,,0.130321388,,0.07019241
2459635.52,154253,444.831,-12.9706,0.0031,35309.4,271.506,-11.3697,0.0083,29213,259.994,-11.1639,0.0097,3485,192.1,-8.8555,0.0598,-1.6009,0.2058,2.5142,,-1.31,-0.2909,,10.2291418,12.03578545,14.34421889,9.609052074,0.620089722,0.148007205,346.7676488,130.0501646,0.00313178,0.008350624,,0.130305568,,0.070189683
2459635.521,153096,437.635,-12.9624,0.0031,35380.1,262.293,-11.3719,0.008,28867.8,259.244,-11.151,0.0097,3565.76,217.227,-8.8804,0.0661,-1.5905,0.2209,2.4915,,-1.3123,-0.2782,,10.23948803,12.05086342,14.32151737,9.605484973,0.634003058,0.147989992,349.825768,134.8877019,0.003104403,0.008051142,,0.130286063,,0.070189598
2459635.522,150017,428.27,-12.9404,0.0031,34893.8,270.864,-11.3569,0.0084,28821.2,259.239,-11.1493,0.0098,2970.72,190.858,-8.6822,0.0698,-1.5835,0.2076,2.6747,,-1.3009,-0.2826,,10.24651948,12.03759052,14.50471637,9.624284549,0.622234929,0.148010617,350.2860345,128.8240593,0.003100323,0.008430102,,0.130309933,,0.070188775
2459635.524,148754,432.543,-12.9312,0.0032,35117.6,271.071,-11.3638,0.0084,28666,258.897,-11.1434,0.0098,3164.68,203.726,-8.7508,0.0699,-1.5674,0.2204,2.613,,-1.3046,-0.2628,,10.26264044,12.05039433,14.44298756,9.614302493,0.648337944,0.148013177,343.9056926,129.5512984,0.003157842,0.00838278,,0.130308261,,0.070197276
2459635.525,148249,438.031,-12.9275,0.0032,35429.4,271.727,-11.3734,0.0083,28598,258.68,-11.1408,0.0098,3022.88,190.843,-8.7011,0.0685,-1.5541,0.2326,2.6723,,-1.2857,-0.2684,,10.27593006,12.06257034,14.50235723,9.604680485,0.671249578,0.148010452,338.4440827,130.3860124,0.003208802,0.008329114,,0.130306065,,0.070195607
2459635.549,148912,427.023,-12.9323,0.0031,34648.5,270.163,-11.3492,0.0085,28697.7,258.958,-11.1446,0.0098,3023.52,190.794,-8.7013,0.0685,-1.5831,0.2046,2.6479,,-13.3466,11.7635,,10.24688685,12.03459337,14.47792898,9.607950747,0.638936107,0.148016608,348.7212633,128.2503526,0.003114235,0.008467813,,0.13031271,,0.070196253
2459635.55,150440,428.809,-12.9434,0.0031,34777.6,270.525,-11.3532,0.0084,28303.6,248.437,-11.1296,0.0095,3482.6,204.505,-8.8548,0.0638,-1.5902,0.2236,2.4984,,-1.2957,-0.2945,,10.23984071,12.05364483,14.32849003,9.581884507,0.657956201,0.148015283,350.8321887,128.555956,0.003095497,0.008447683,,0.130310957,,0.070196713
2459635.551,151493,435.698,-12.951,0.0031,34762.2,261.149,-11.3528,0.0082,28276.3,258.101,-11.1286,0.0099,3033.4,203.403,-8.7048,0.0728,-1.5982,0.2242,2.648,,-1.3054,-0.2928,,10.23178672,12.05421168,14.47794393,9.574726342,0.657060378,0.148000248,347.7018485,133.1125143,0.003123366,0.008158512,,0.130293195,,0.070197982
2459635.553,154894,433.949,-12.9751,0.003,34640.2,264.642,-11.349,0.0083,28581.6,258.691,-11.1402,0.0098,3646.8,205.014,-8.9048,0.061,-1.6261,0.2088,2.4442,,-1.302,-0.3241,,10.20386449,12.03873463,14.27417111,9.571821604,0.632042885,0.148004997,356.9405621,130.894567,0.003042523,0.008296754,,0.130300012,,0.070195341
2459635.554,78790.7,334.917,-12.2412,0.0046,17388.7,215.065,-10.6007,0.0134,14357,218.529,-10.3927,0.0165,1403.8,199.413,-7.8683,0.1542,-1.6405,0.208,2.7324,,-1.3282,-0.3123,,10.18948039,12.03800854,14.56240469,9.549699515,0.639780875,0.148419265,235.2544063,80.85323042,0.004616279,0.013431745,,0.130773552,,0.070189431
2459635.555,158936,450.092,-13.0031,0.0031,34461.8,269.817,-11.3433,0.0085,28121.4,257.8,-11.1226,0.01,3361.84,204.209,-8.8164,0.0659,-1.6598,0.2207,2.5269,,-1.3353,-0.3245,,10.1702892,12.05075255,14.35690229,9.521556936,0.648732262,0.148012765,353.1189179,127.722864,0.003075451,0.008502785,,0.130314066,,0.07018563
2459635.556,161996,447.613,-13.0238,0.003,34485.3,269.902,-11.3441,0.0085,28243.6,258.037,-11.1273,0.0099,3388.12,204.382,-8.8249,0.0655,-1.6797,0.2168,2.5192,,-1.3381,-0.3416,,10.15032429,12.04678489,14.34918806,9.506957254,0.643367039,0.14801226,361.9108471,127.769709,0.003000739,0.008499667,,0.130312121,,0.070188177
2459635.557,163579,449.353,-13.0343,0.003,34318.2,269.551,-11.3388,0.0085,27982.1,257.53,-11.1172,0.01,2893.4,203.168,-8.6535,0.0762,-1.6955,0.2216,2.6853,,-1.3603,-0.3352,,10.13449238,12.05161049,14.51529006,9.481423982,0.653068398,0.148015486,364.0322864,127.3161665,0.002983252,0.008529946,,0.130313698,,0.070192052
2459635.558,168377,460.46,-13.0657,0.003,34177.4,269.372,-11.3343,0.0086,28313.5,258.258,-11.13,0.0099,2959.32,191.728,-8.678,0.0703,-1.7314,0.2043,2.6563,,-1.3884,-0.343,,10.09864063,12.03436366,14.48636773,9.45936115,0.639279484,0.148011198,365.6712852,126.878072,0.00296988,0.008559399,,0.130315323,,0.070179992
2459635.559,173308,460.173,-13.097,0.0029,34152,278.88,-11.3335,0.0089,27897.6,257.538,-11.1139,0.01,3330.84,191.648,-8.8064,0.0625,-1.7635,0.2196,2.5271,,-1.403,-0.3605,,10.06649383,12.04962325,14.35715593,9.441189999,0.625303829,0.148031333,376.6148818,122.4612737,0.002883582,0.00886811,,0.130334026,,0.070187729
2459635.56,178139,465.32,-13.1269,0.0028,34227.4,260.235,-11.3359,0.0083,28030.6,257.624,-11.1191,0.01,3133.44,203.813,-8.7401,0.0706,-1.791,0.2168,2.5958,,-1.4286,-0.3624,,10.03903725,12.04685379,14.42588132,9.402630169,0.636407082,0.147993855,382.8311699,131.5249678,0.00283676,0.008256987,,0.130292843,,0.070185157
2459635.562,183050,470.521,-13.1564,0.0028,34288.6,279.124,-11.3379,0.0088,27664.8,257.043,-11.1048,0.0101,3375.72,204.297,-8.8209,0.0657,-1.8185,0.2331,2.517,,-1.4506,-0.3679,,10.01145005,12.06305555,14.34695834,9.368522223,0.642927828,0.14802991,389.0368336,122.8436107,0.002791509,0.008840509,,0.130330147,,0.07019193
2459635.563,189933,483.249,-13.1965,0.0028,34331.7,269.576,-11.3392,0.0085,27839.8,247.58,-11.1117,0.0097,3058.56,216.173,-8.7138,0.0767,-1.8573,0.2275,2.6254,,-1.4688,-0.3885,,9.972737202,12.05757299,14.45544576,9.345851407,0.626885795,0.148002681,393.0334051,127.3544381,0.002763124,0.008527382,,0.130308676,,0.070174372
2459635.564,195502,489.081,-13.2279,0.0027,33672,268.391,-11.3182,0.0087,27436.7,258.957,-11.0958,0.0102,3048.76,216.151,-8.7103,0.077,-1.9097,0.2224,2.6079,,-1.5074,-0.4023,,9.92029427,12.0523426,14.43786419,9.297504922,0.622789348,0.14801453,399.7333775,125.4587523,0.002716811,0.008656231,,0.130316198,,0.070185395
2459635.565,203000,496.172,-13.2687,0.0027,33898.8,288.396,-11.3255,0.0092,27506.6,256.605,-11.0986,0.0101,3089.48,203.596,-8.7247,0.0715,-1.9432,0.2269,2.6008,,-1.5415,-0.4017,,9.886720717,12.05686853,14.43074734,9.261943736,0.624776981,0.14805389,409.132317,117.5425457,0.002654398,0.009239208,,0.130354934,,0.070196477
2459635.566,211226,510.336,-13.3119,0.0026,33933.3,259.52,-11.3266,0.0083,27830,257.364,-11.1113,0.01,2835.2,214.527,-8.6315,0.0822,-1.9853,0.2153,2.6951,,-1.5642,-0.4211,,9.844696805,12.04528223,14.52510599,9.234894108,0.609802697,0.147994339,413.8959431,130.7540845,0.002623848,0.008305668,,0.130291476,,0.070188715
2459635.567,218463,506.801,-13.3484,0.0025,34028.2,269.095,-11.3296,0.0086,27094.2,255.844,-11.0822,0.0103,3152.6,203.696,-8.7467,0.0701,-2.0188,0.2474,2.5829,,-1.6125,-0.4063,,9.811152709,12.07740661,14.41292526,9.211357851,0.599794858,0.148005769,431.0626854,126.4542262,0.002519355,0.008588088,,0.130307722,,0.070182657
2459635.568,225818,519.125,-13.3844,0.0025,33694.2,268.391,-11.3189,0.0086,27847.8,267.338,-11.112,0.0104,2867.16,190.586,-8.6436,0.0722,-2.0655,0.2069,2.6753,,-1.6481,-0.4174,,9.764491482,12.03691065,14.50525805,9.18206786,0.582423622,0.148008951,434.9973513,125.5414675,0.002496567,0.008650528,,0.130311413,,0.070182513
2459635.57,232587,520.549,-13.4165,0.0024,33843.6,278.326,-11.3237,0.0089,27441.8,256.609,-11.096,0.0102,2604.76,189.795,-8.5394,0.0791,-2.0928,0.2277,2.7843,,-1.6751,-0.4177,,9.737227791,12.0576599,14.6142721,9.161535372,0.575692419,0.148021536,446.810963,121.5969762,0.002430558,0.008931143,,0.130329095,,0.070176221
2459635.571,238044,530.794,-13.4416,0.0024,33381.4,267.808,-11.3088,0.0087,27524.2,256.639,-11.0993,0.0101,2973.32,215.859,-8.6831,0.0788,-2.1328,0.2095,2.6257,,-1.6987,-0.4341,,9.697118269,12.0394746,14.45565724,9.152811555,0.544306714,0.14801476,448.4677672,124.6467619,0.002421579,0.008712621,,0.130314135,,0.070189709
2459635.572,243893,531.297,-13.468,0.0024,34500.6,279.594,-11.3446,0.0088,27154.3,255.918,-11.0846,0.0102,3009.36,203.344,-8.6962,0.0734,-2.1234,0.26,2.6484,,-1.728,-0.3954,,9.70656828,12.08997009,14.47838126,9.142044828,0.564523453,0.148017801,459.0520933,123.3953518,0.002365745,0.00880098,,0.130319047,,0.070187003
2459635.573,244407,536.684,-13.4703,0.0024,33525.6,277.754,-11.3134,0.009,27915.7,261.529,-11.1146,0.0102,2977.64,203.266,-8.6847,0.0741,-2.1569,0.1988,2.6287,,-1.7485,-0.4084,,9.673157297,12.02882009,14.45876092,9.137288957,0.53586834,0.148032018,455.4020615,120.7024921,0.002384706,0.008997329,,0.1303328,,0.07019145
2459635.574,245721,528.335,-13.4761,0.0023,34389.5,269.724,-11.3411,0.0085,27565.1,256.892,-11.1009,0.0101,3271.68,203.988,-8.7869,0.0677,-2.135,0.2402,2.5542,,-1.7572,-0.3778,,9.694958969,12.07016572,14.38413761,9.132748548,0.562210421,0.147998969,465.0855991,127.4988507,0.002335054,0.008517724,,0.13029967,,0.070183267
2459635.576,247913,539.94,-13.4858,0.0024,33731,278.079,-11.3201,0.009,27081.6,255.732,-11.0817,0.0103,2896.04,203.011,-8.6545,0.0761,-2.1657,0.2384,2.6656,,-1.7679,-0.3978,,9.66432479,12.06838724,14.49556165,9.130711578,0.533613211,0.148028993,459.1491647,121.3000622,0.002365244,0.008953004,,0.130329393,,0.070191397
2459635.577,247746,534.89,-13.485,0.0023,33980.3,269.006,-11.3281,0.0086,27050.3,255.714,-11.0804,0.0103,2979.64,203.435,-8.6854,0.0741,-2.1569,0.2477,2.6427,,-1.7727,-0.3842,,9.673051394,12.07763781,14.47265853,9.127831977,0.545219417,0.148008356,463.1718671,126.3180003,0.002344702,0.00859735,,0.130305073,,0.070193029
2459635.578,244845,534.973,-13.4722,0.0024,33388,267.903,-11.309,0.0087,27497.7,256.588,-11.0982,0.0101,2892.76,215.848,-8.6533,0.081,-2.1632,0.2108,2.6557,,-1.7773,-0.3859,,9.666747913,12.04073509,14.485695,9.143018918,0.523728994,0.148013426,457.6773033,124.6271972,0.002372851,0.008713989,,0.13031333,,0.070188391
2459635.579,240230,527.797,-13.4516,0.0024,32901.9,266.911,-11.2931,0.0088,26963.1,255.544,-11.0769,0.0103,3239.56,203.91,-8.7762,0.0683,-2.1585,0.2162,2.5169,,-1.7793,-0.3792,,9.671484342,12.04612789,14.34683738,9.151642786,0.519841556,0.148060765,455.1560543,123.2691796,0.002385995,0.008809988,,0.130320025,,0.070275751
2459635.58,241068,523.896,-13.4554,0.0024,33046.6,267.182,-11.2978,0.0088,27187.1,255.982,-11.0859,0.0102,3162,216.354,-8.7499,0.0743,-2.1576,0.2119,2.5479,,-1.7822,-0.3754,,9.672468047,12.04190975,14.3779123,9.159398935,0.513069112,0.148016712,460.1447616,123.6857273,0.002360127,0.008780318,,0.130317551,,0.070187484
2459635.581,241197,528.775,-13.4559,0.0024,33363.6,277.463,-11.3082,0.009,26795,255.302,-11.0701,0.0103,3459.12,217.156,-8.8474,0.0682,-2.1477,0.2381,2.4608,,-1.767,-0.3807,,9.68225251,12.06804786,14.29076819,9.169920686,0.512331824,0.148032884,456.142972,120.2452219,0.002380832,0.009031544,,0.130335096,,0.070189013
2459635.583,237434,525.142,-13.4389,0.0024,33424.6,267.888,-11.3102,0.0087,26896.9,255.501,-11.0743,0.0103,3307.92,204.131,-8.7989,0.067,-2.1287,0.2359,2.5113,,-1.7584,-0.3703,,9.701308274,12.06590998,14.34127805,9.164900877,0.536407397,0.148013328,452.1329469,124.7707997,0.002401948,0.00870396,,0.130313193,,0.07018844
2459635.584,233357,521.267,-13.4201,0.0024,33144.5,277.159,-11.301,0.0091,27039.8,265.775,-11.08,0.0107,3220.64,203.917,-8.7699,0.0687,-2.1191,0.221,2.5311,,-1.7506,-0.3685,,9.710976597,12.05101999,14.36117322,9.190948012,0.520028585,0.148037156,447.6726898,119.5865911,0.002425879,0.009081286,,0.130339383,,0.070190062
2459635.585,229601,517.716,-13.4024,0.0024,32979.9,276.861,-11.2956,0.0091,26396.1,244.607,-11.0538,0.0101,2982.8,191.789,-8.6866,0.0698,-2.1068,0.2418,2.609,,-1.7401,-0.3667,,9.723188898,12.07177392,14.439063,9.196450211,0.526738687,0.148040725,443.4883218,119.1207862,0.002448768,0.009116797,,0.13034229,,0.070192192
2459635.586,227938,516.063,-13.3945,0.0025,33384.2,277.545,-11.3089,0.009,27084.4,237.179,-11.0818,0.0095,3425.68,204.692,-8.8369,0.0649,-2.0856,0.2271,2.472,,-1.7451,-0.3405,,9.7443106,12.05705439,14.30198545,9.197735865,0.546574736,0.14803516,441.6863833,120.2839179,0.002458758,0.009028638,,0.130336341,,0.070191502
2459635.587,225780,519.088,-13.3842,0.0025,33000.1,266.33,-11.2963,0.0088,26845,265.551,-11.0722,0.0107,3718,205.187,-8.9258,0.0599,-2.0879,0.2241,2.3705,,-1.719,-0.3689,,9.742074468,12.05412962,14.20051468,9.215911532,0.526162936,0.148020331,434.9551521,123.9068073,0.002496809,0.008764652,,0.130319044,,0.070192345
2459635.588,220076,503.861,-13.3564,0.0025,33342.6,258.454,-11.3075,0.0084,26300.8,254.419,-11.0499,0.0105,3139.92,202.661,-8.7423,0.0701,-2.0489,0.2576,2.5652,,-1.7136,-0.3353,,9.781066946,12.08757626,14.3952022,9.237769259,0.543297687,0.148004801,436.7791911,129.0078699,0.002486382,0.008418091,,0.130295995,,0.070202384
2459635.59,215376,503.702,-13.333,0.0025,32360.1,256.547,-11.275,0.0086,26220.3,244.287,-11.0466,0.0101,3072.96,191.075,-8.7189,0.0675,-2.058,0.2284,2.5561,,-1.7123,-0.3457,,9.77203137,12.0584305,14.38613237,9.251572359,0.520459011,0.148017238,427.5861521,126.1371211,0.002539839,0.008609678,,0.130309544,,0.070203457
2459635.591,212025,500.386,-13.316,0.0026,32282.8,265.749,-11.2724,0.0089,26867.2,265.64,-11.0731,0.0107,2879.88,215.701,-8.6484,0.0813,-2.0436,0.1993,2.624,,-1.6941,-0.3495,,9.786460309,12.02937197,14.45399201,9.256895664,0.529564645,0.148036991,423.7228859,121.478538,0.002562996,0.008939851,,0.130332229,,0.070202996
2459635.592,209724,498.104,-13.3041,0.0026,32694.1,257.121,-11.2862,0.0085,26186.7,254.107,-11.0452,0.0105,2657.52,215.127,-8.5612,0.0879,-2.0179,0.241,2.725,,-1.6723,-0.3456,,9.812053136,12.07097153,14.55498211,9.274627188,0.537425947,0.148014909,421.0446011,127.1545304,0.002579299,0.008540789,,0.130305786,,0.070205522
2459635.593,205766,494.183,-13.2834,0.0026,32243.4,256.243,-11.2711,0.0086,26887.6,265.631,-11.0739,0.0107,3145.24,203.733,-8.7441,0.0703,-2.0123,0.1972,2.527,,-1.6584,-0.3539,,9.81766804,12.02722198,14.3569676,9.281108987,0.536559053,0.148020899,416.3761198,125.8313398,0.002608219,0.0086306,,0.130312279,,0.0702061
2459635.594,201171,494.765,-13.2589,0.0027,32385.4,256.634,-11.2759,0.0086,26195.9,264.231,-11.0456,0.011,3339.2,204.317,-8.8091,0.0664,-1.983,0.2303,2.4668,,-1.6531,-0.3299,,9.846959727,12.06028985,14.29676708,9.296105722,0.550854005,0.130311914,406.5990925,126.192944,0.002670936,0.008605869,,0.130311914,,
2459635.595,198055,491.658,-13.242,0.0027,32219.4,275.347,-11.2703,0.0093,25933.3,253.565,-11.0346,0.0106,3185.44,203.831,-8.7579,0.0695,-1.9717,0.2357,2.5124,,-1.6353,-0.3364,,9.858329094,12.06564916,14.34237005,9.31208195,0.546247144,0.130358752,402.8308296,117.0138044,0.002695921,0.009280956,,0.130358752,,
2459635.597,192791,480.807,-13.2127,0.0027,31793,265.036,-11.2558,0.0091,26373.6,264.519,-11.0529,0.0109,3249.8,204.153,-8.7796,0.0682,-1.9569,0.2029,2.4762,,-1.6289,-0.328,,9.873111885,12.03290524,14.30618719,9.320376025,0.55273586,0.130342995,400.9737795,119.9572888,0.002708407,0.009053222,,0.130342995,,
2459635.599,190179,478.037,-13.1979,0.0027,32139.1,265.437,-11.2676,0.009,25582,243.178,-11.0198,0.0103,2996.08,216.029,-8.6914,0.0783,-1.9303,0.2478,2.5762,,-1.5979,-0.3324,,9.899677879,12.07774804,14.40620076,9.335222153,0.564455726,0.130337637,397.8332221,121.0799549,0.002729787,0.00896928,,0.130337637,,
2459635.6,185078,472.694,-13.1684,0.0028,31874.6,265.021,-11.2586,0.009,25825.4,253.265,-11.0301,0.0106,2795.12,202.871,-8.616,0.0788,-1.9098,0.2285,2.6426,,-1.5896,-0.3202,,9.920224864,12.05849422,14.47261071,0,0,0,391.5387121,120.2719784,0.002773672,0.009029535,,0.130342724,,
